{
	"legoblock": {
		"sounds": [
			{"name": "aaa:legoblock",  "stream": true }
			]
	},
	"therocktheme": {
		"sounds": [
			{"name": "aaa:therocktheme",  "stream": true }
			]
	},
	"shutyermouth": {
		"sounds": [
			{"name": "aaa:shutyermouth",  "stream": true }
			]
	},
	"losamigos": {
		"sounds": [
			{"name": "aaa:losamigos",  "stream": true }
			]
	},
	"modelonegra": {
		"sounds": [
			{"name": "aaa:modelonegra",  "stream": true }
			]	
	},
	"modelonegratime": {
		"sounds": [
			{"name": "aaa:modelonegratime",  "stream": true }
			]	
	},
	"fireforcebass": {
		"sounds": [
			{"name": "aaa:fireforcebass",  "stream": true }
			]	
	},
	"bass1": {
		"sounds": [
			{"name": "aaa:bass1",  "stream": true }
			]	
	},
	"scorpionking": {
		"sounds": [
			{"name": "aaa:scorpionking",  "stream": true }
			]	
	}
}